,id,name,popularity,duration,artist,danceability,energy,loudness,speechiness,acousticness,instrumentalness,valence,tempo
0,6Aw5k0jkFceYayaJoRupLT,Pura Pura Lupa,71,246964,Mahen,0.529,0.446,-9.167,0.0294,0.757,0.000764,0.14,111.903
1,7qEHsqek33rTcFNT9PFqLf,Someone You Loved,90,182160,Lewis Capaldi,0.501,0.405,-5.679,0.0319,0.751,0.0,0.446,109.891
2,5drW6PGRxkE6MxttzVLNk5,Secukupnya,69,205466,Hindia,0.731,0.796,-5.098,0.0344,0.19,0.0606,0.933,102.006
3,7iTF9T1jum3Km6H6WMZpDC,One Only,72,255492,Pamungkas,0.25,0.519,-6.39,0.0314,0.219,3.18e-06,0.113,144.63
4,1Cv1YLb4q0RzL6pybtaMLo,Sunday Best,85,158571,Surfaces,0.878,0.525,-6.832,0.0578,0.183,0.0,0.694,112.022
5,7eJMfftS33KTjuF7lTsMCx,death bed (coffee for your head),90,173333,"Powfu, beabadoobee",0.726,0.431,-8.765,0.135,0.731,0.0,0.348,144.026
6,2b8fOow8UzyDFAE27YhOZM,Memories,89,189486,Maroon 5,0.764,0.32,-7.209,0.0546,0.837,0.0,0.575,91.019
7,4umIPjkehX1r7uhmGvXiSV,Intentions (feat. Quavo),82,212866,"Justin Bieber, Quavo",0.806,0.546,-6.637,0.0575,0.3,0.0,0.874,147.986
8,4vh193RZbEEBanSG0719Wh,Lebih Dari Egoku,67,249097,Mawar De Jongh,0.672,0.392,-7.72,0.0271,0.738,0.0,0.333,79.961
9,4qgIQcskrvj6nlypTvBm5k,Waktu Yang Salah,70,325946,"Fiersa Besari, Thantri",0.665,0.276,-11.053,0.026,0.788,0.0,0.299,130.07
10,2gMXnyrvIjhVBUZwvLZDMP,Before You Go,86,215106,Lewis Capaldi,0.459,0.575,-4.858,0.0573,0.604,0.0,0.183,111.881
11,5sgRYOTpFZRROlndD460KI,"Pelukku Untuk Pelikmu - OST Imperfect: Karier, Cinta, & Timbangan",69,249503,Fiersa Besari,0.531,0.825,-5.462,0.0432,0.127,0.0,0.247,125.043
12,4HBZA5flZLE435QTztThqH,Stuck with U (with Justin Bieber),89,228482,"Ariana Grande, Justin Bieber",0.597,0.45,-6.658,0.0418,0.223,0.0,0.537,178.765
13,06pezDUwqVsUfpBNw6uJir,LATHI (with Sara Fajira),70,188900,"Weird Genius, Sara Fajira",0.586,0.898,-1.928,0.0353,0.0857,0.000254,0.21,149.971
14,1tS1dRfxIV9FzqdYTbJgMn,Kenangan Manis,71,207937,Pamungkas,0.604,0.678,-7.331,0.0304,0.0511,0.00169,0.721,139.974
15,5iFwAOB2TFkPJk8sMlxP8g,Make You Mine,81,232906,PUBLIC,0.606,0.799,-4.452,0.0261,0.0128,0.0,0.638,103.014
16,4TnjEaWOeW0eKTKIEvJyCa,Falling,86,159381,Trevor Daniel,0.785,0.431,-8.756,0.0364,0.123,0.0,0.236,127.085
17,16wAOAZ2OkqoIDN7TpChjR,Yummy,76,208520,Justin Bieber,0.676,0.506,-6.652,0.0958,0.345,0.0,0.497,145.842
18,3CYH422oy1cZNoo0GTG1TK,Psycho,80,210560,Red Velvet,0.664,0.666,-2.203,0.0446,0.193,0.0,0.405,139.987
19,207UhtrPquuAae44b2LhZW,How You Like That,78,180956,BLACKPINK,0.813,0.787,-4.254,0.0777,0.0452,0.000107,0.326,130.018
20,0ZoBl7pWhdjnj4eIe9I11o,Maafkan Aku #terlanjurmencinta,74,224000,Tiara Andini,0.485,0.423,-8.385,0.0373,0.73,0.0,0.132,137.353
21,3c4cBEObUsLU8O5I2yQP3l,Halu,65,265737,Feby Putri,0.338,0.251,-14.544,0.0353,0.866,0.0324,0.0963,116.419
22,0t1kP63rueHleOhQkYSXFY,Dynamite,95,199053,BTS,0.746,0.765,-4.41,0.0993,0.0112,0.0,0.737,114.044
23,2XU0oxnq2qxCpomAAuJY8K,Dance Monkey,89,209438,Tones And I,0.824,0.588,-6.4,0.0924,0.692,0.000104,0.513,98.027
24,01beCqR9wsVnwzkAJZyTqq,I Love You but I'm Letting Go,69,220163,Pamungkas,0.393,0.319,-9.116,0.0303,0.972,2.94e-05,0.131,79.628
25,4J12uL4aNKzRco173fPyYQ,Bentuk Cinta,70,263903,Eclat Story,0.73,0.328,-9.542,0.0323,0.585,0.0,0.503,110.11
26,74OLXYsvpfmSgPCMMi898K,bitterlove,70,216264,Ardhito Pramono,0.678,0.531,-10.92,0.0384,0.393,0.0016,0.574,149.393
27,5X5Vj8FcxyoLzq9qxAa45U,Tolong,67,250322,Budi Doremi,0.435,0.2,-12.481,0.0365,0.891,0.0,0.244,136.054
29,1sxUn0SdlFG05Q3qAA2FlE,Nyaman,62,226602,Andmesh,0.535,0.311,-11.164,0.0266,0.818,0.0,0.456,82.979
31,3Jby9Ezr1E7wCsXe0Dexa6,Tanpa Tergesa,52,218405,Juicy Luicy,0.703,0.291,-7.109,0.0277,0.303,0.0,0.449,96.058
32,43kiDtoYD0nDJYxzQwclpT,Location Unknown ◐ (feat. BEKA) - Brooklyn Session,66,328050,"HONNE, BEKA",0.508,0.293,-7.47,0.0441,0.941,0.0,0.395,91.509
34,0ecC8p17cDNlxHXkuYqeR6,Surrender,81,183103,Natalie Taylor,0.39,0.448,-8.57,0.0276,0.8,0.182,0.077,144.89
35,19JvKc2f3ZNblfBSDMDwUF,Celengan Rindu,67,224280,Fiersa Besari,0.636,0.536,-7.646,0.0432,0.105,0.0,0.661,116.878
36,4msighkG4nKOw60aoN7lV7,Kumau Dia,64,256227,Andmesh,0.467,0.514,-9.007,0.0274,0.159,8.33e-06,0.599,157.869
37,77vx7sGjdqwdnQL968t8oY,Monolog,71,207216,Pamungkas,0.476,0.578,-9.252,0.0312,0.108,0.558,0.298,96.978
38,5DqdesEfbRyOlSS3Tf6c29,It's You,85,212606,Ali Gatie,0.732,0.463,-6.972,0.0287,0.374,0.0,0.397,95.971
39,2wAiFWjRupWmnDkQcu91MF,Rumah Ke Rumah,68,277457,Hindia,0.72,0.786,-7.396,0.0319,0.456,0.616,0.488,116.032
40,1mruWrUwAVe2XkksUQiaHK,Selamat (Selamat Tinggal),66,313670,"Virgoun, Audy",0.361,0.581,-8.502,0.0302,0.523,5.42e-06,0.372,79.59
41,3FcCAFQj4bLpfxo8gj1kk9,Adu Rayu,67,207700,"Yovie Widianto, Tulus, Glenn Fredly",0.558,0.374,-12.425,0.0471,0.598,0.0,0.217,99.953
42,2RSHsoi04658QL5xgQVov3,Bad Liar,81,260773,Imagine Dragons,0.383,0.637,-6.993,0.0703,0.0722,0.0,0.0827,177.913
43,18uwL0vNUanqZH0ro2QcOP,comethru,81,181613,Jeremy Zucker,0.795,0.178,-11.991,0.0574,0.607,0.0,0.608,93.982
44,10CbwBfusPvPWuzuTLeMdm,Sedang Sayang Sayangnya,67,261030,Mawar De Jongh,0.518,0.424,-8.531,0.0421,0.731,0.0,0.552,165.715
45,01TdkJ0lorIzBsdks8X1Tb,Perlahan,68,300000,Guyon Waton,0.659,0.537,-9.644,0.0343,0.675,3.92e-05,0.398,127.962
46,7mjO4RbTZIb1SfE8G673Lm,Rehat,67,354480,Kunto Aji,0.326,0.252,-12.514,0.0315,0.849,0.213,0.0711,69.991
47,1JxoK0EU5SHupbXjSwYaN7,Cinta Luar Biasa,62,255562,Andmesh,0.581,0.232,-11.863,0.0309,0.812,0.0,0.317,135.889
48,1ZpFxOhpzT1MDCq7zjtOV1,Boy With Luv (Feat. Halsey),67,229773,"BTS, Halsey",0.645,0.862,-4.757,0.0965,0.0923,0.0,0.798,119.991
49,5D5wUmhN0uIWnPb6mNOBiN,Tanya Hati,67,274840,Pasto,0.667,0.721,-5.046,0.0254,0.264,0.000442,0.413,132.469
50,249gnXrbfmV8NG6jTEMSwD,Life Goes On,95,207481,BTS,0.566,0.716,-5.733,0.0424,0.00691,0.0,0.45,81.068
51,3XJ9dvjhpxh49PyjRdn1Lu,Closure,68,222608,Pamungkas,0.575,0.516,-7.674,0.0447,0.834,2.64e-05,0.269,138.011
52,5u1n1kITHCxxp8twBcZxWy,Holy (feat. Chance The Rapper),94,212093,"Justin Bieber, Chance the Rapper",0.673,0.704,-8.056,0.36,0.196,0.0,0.372,86.919
53,0u5FYJWJLcLzSN9S1Wb2ag,Lovesick Girls,84,192765,BLACKPINK,0.658,0.732,-4.762,0.0654,0.00513,0.0,0.409,127.995
54,40mWvWthlULlOVQpJYnmvm,Lagu Dua Kunci,55,244643,Fiersa Besari,0.585,0.491,-7.663,0.0296,0.518,0.00059,0.19,120.029
55,3CBxVM0zGj41BQtE6m7gwb,Membasuh,63,373824,"Hindia, Rara Sekar",0.342,0.196,-12.149,0.0461,0.928,0.0317,0.235,187.224
56,0Ax3HeFnPVuHBtzc0AQ7zw,Adaptasi,70,188972,Tulus,0.527,0.27,-8.137,0.0423,0.874,4.64e-06,0.459,180.112
57,4aGodOZLFHb6NfExt9nV0b,Romansa Ke Masa Depan,42,290889,Glenn Fredly,0.559,0.594,-5.741,0.0279,0.336,0.000337,0.426,186.068
60,2BCYKFDWnZi9PMkZiemQh1,Film Favorit,63,223500,Sheila On 7,0.525,0.801,-4.74,0.0357,0.00548,0.00015,0.628,179.934
61,5QGdWvXwXMK2Zx6eKagyue,Sudah - Story of Kale - Original Motion Picture Soundtrack,74,206098,Ardhito Pramono,0.617,0.172,-11.526,0.0316,0.907,2.87e-05,0.199,114.924
62,4R2kfaDFhslZEMJqAFNpdd,cardigan,83,239560,Taylor Swift,0.613,0.581,-8.588,0.0424,0.537,0.000345,0.551,130.033
64,2wLpTF8xnsSHDpFGeV43DT,Hanya Rindu,62,251974,Andmesh,0.285,0.162,-12.226,0.0347,0.888,0.0,0.2,178.754
65,4jp4Z02kzzg8gK0NmDGgml,Play,74,167976,"K-391, Alan Walker, Tungevaag, Mangoo",0.52,0.798,-5.498,0.0391,0.101,0.0,0.168,101.944
66,3kwgqoBqTwoAH4nT29TYrq,Nobody's Love,79,211253,Maroon 5,0.486,0.567,-6.456,0.0379,0.31,0.0,0.154,93.68
67,2X3SjXtga1hRUopyX7IDWO,Masih,57,212476,Rossa,0.32,0.228,-9.5,0.0308,0.947,8.53e-05,0.373,88.563
68,54bFM56PmE4YLRnqpW6Tha,Therefore I Am,95,174321,Billie Eilish,0.889,0.34,-7.773,0.0697,0.218,0.13,0.716,94.009
69,4sCabvmZpbmfoCNcoCSKEX,Cuek,75,241919,Rizky Febian,0.528,0.689,-8.265,0.0537,0.434,0.00553,0.443,84.967
70,4Of7rzpRpV1mWRbhp5rAqG,Bruises,84,220492,Lewis Capaldi,0.736,0.308,-7.83,0.0677,0.946,0.0,0.361,111.202
71,70eFcWOvlMObDhURTqT4Fv,Beautiful People (feat. Khalid),77,197866,"Ed Sheeran, Khalid",0.64,0.647,-8.114,0.186,0.124,0.0,0.546,92.979
72,5KCbr5ndeby4y4ggthdiAb,Wonder,92,172692,Shawn Mendes,0.333,0.637,-4.904,0.0581,0.131,1.8e-05,0.132,139.898
73,4s0dJmVknlUl7V6oK3puzZ,Zombie,66,209259,DAY6,0.79,0.542,-4.119,0.0438,0.0117,0.0,0.527,121.982
74,24wAuTYk4J4WDzVRyaEBH2,Menghapus Jejakmu,56,184040,Peterpan,0.815,0.618,-10.511,0.0328,0.514,1.07e-06,0.941,125.042
75,4lfAvFv8roumWVKXhHF8uN,"Zona Nyaman (From ""Filosofi Kopi 2: Ben & Jody"")",63,243413,Fourtwnty,0.515,0.649,-6.278,0.0338,0.355,0.00155,0.35,120.003
76,2K87XMYnUMqLcX3zvtAF4G,Drag Me Down,80,192120,One Direction,0.73,0.703,-5.672,0.0369,0.109,0.0,0.595,138.113
77,630DpnzdfjdVqv2yLfPbAX,Bertaut,72,315960,Nadin Amizah,0.47,0.131,-13.29,0.0362,0.933,0.00245,0.115,118.836
78,1lNHWPDvKEbamKezpLq7HW,no song without you,66,160346,HONNE,0.788,0.473,-12.744,0.0328,0.489,0.254,0.81,105.429
80,6TqXcAFInzjp0bODyvrWEq,Talk (feat. Disclosure),76,197573,"Khalid, Disclosure",0.901,0.4,-8.575,0.126,0.051,0.0,0.346,135.984
81,7mjO4RbTZIb1SfE8G673Lm,Rehat,67,354480,Kunto Aji,0.326,0.252,-12.514,0.0315,0.849,0.213,0.0711,69.991
82,5qSoW3ewNlhRN3FNZPmVns,Umpah Umpah,54,220131,Red Velvet,0.693,0.935,-3.306,0.0771,0.0258,0.0,0.844,119.973
83,1Dxb9nWV16f5PthsUsV1XZ,Bicara (feat. Monita Tahalea),63,236394,"TheOvertunes, Monita Tahalea",0.574,0.37,-9.487,0.027,0.557,2.23e-05,0.372,76.863
84,5UgZoWvuycExNhZd6vIF7D,Luka Yang Kurindu,70,214000,Mahen,0.509,0.283,-12.236,0.0331,0.884,0.0014,0.227,127.943
85,2jqT6xZN5JggOF1aVYGfWt,Teristimewa,46,280207,Raisa,0.419,0.3,-8.567,0.0325,0.607,1.45e-06,0.103,120.994
86,017PF4Q3l4DBUiWoXk4OWT,Break My Heart,85,221820,Dua Lipa,0.73,0.729,-3.434,0.0883,0.167,1.39e-06,0.467,113.013
87,3mM7f12I9yOmLeqye0bII2,Selimut Hati,58,279289,Dewa 19,0.703,0.428,-8.41,0.0286,0.547,9.84e-05,0.545,74.996
88,37ZtpRBkHcaq6hHy0X98zn,I CAN'T STOP ME,86,205493,TWICE,0.657,0.88,-3.672,0.102,0.121,0.0,0.769,150.084
89,7fK0csBoqbcgUuWGV0cpoD,Obsession,70,203520,EXO,0.704,0.729,-3.851,0.0624,0.0024,0.0,0.71,129.992
90,4l0Mvzj72xxOpRrp6h8nHi,Lose You To Love Me,84,206458,Selena Gomez,0.488,0.343,-8.985,0.0436,0.556,0.0,0.0978,102.819
91,3g0mEQx3NTanacLseoP0Gw,Takeaway,79,209880,"The Chainsmokers, ILLENIUM, Lennon Stella",0.528,0.511,-8.144,0.0324,0.126,0.0,0.351,100.1
93,0EPuwZbCKltGEdmmIHhCBW,Cidro,55,317176,Didi Kempot,0.69,0.334,-17.544,0.0317,0.61,0.000585,0.787,127.004
95,0yFq4GHDqLfeceyAs63B3W,Kick It,64,233013,NCT 127,0.681,0.847,-2.462,0.0869,0.0306,0.0,0.507,167.031
96,108AjsNJYPMrZWecK7xNkF,Ijinkan Aku Menyayangimu,57,282000,Iwan Fals,0.522,0.358,-9.214,0.03,0.847,0.146,0.105,137.66
97,03T4ttRCiLXST6MZjeMwmR,Orphans,66,197533,Coldplay,0.503,0.808,-5.051,0.0451,0.0258,0.00149,0.282,107.973
98,5oCIBQxVJq4DFklDjaDCsb,Renung,49,212813,Payung Teduh,0.616,0.168,-8.915,0.0472,0.853,0.0,0.335,115.095
99,2q9f86CdlaXOr6vD3HJK6R,Kau Tercipta Bukan Untukku,56,261893,Nella Kharisma,0.789,0.946,-6.939,0.0347,0.132,0.0111,0.963,128.027
100,2QyuXBcV1LJ2rq01KhreMF,ON,82,246380,BTS,0.583,0.817,-5.146,0.0987,0.118,0.0,0.438,105.936
101,4Q9hOAbmZVZqu6wNJCbRnz,Ice Cream (with Selena Gomez),80,175813,"BLACKPINK, Selena Gomez",0.791,0.733,-3.852,0.35,0.0305,0.000169,0.913,159.974
102,5gkTGkjFB5wAd3mSBEcQPY,Sephia,57,295520,Sheila On 7,0.396,0.527,-8.658,0.0435,0.371,0.000306,0.165,185.807
104,499qjESUqiZjlNI7XQhyLp,Sweet Chaos,62,227240,DAY6,0.335,0.937,-1.895,0.0737,0.00502,0.0,0.529,199.692
105,1hEHhT0DQMOPUcV6UP1cos,Mungkin Nanti,60,268226,Peterpan,0.591,0.684,-8.956,0.0353,0.0657,8.93e-05,0.175,115.967
106,2tO8xKwSF82hUZp0sOMLM6,Aku Tenang,61,229986,Fourtwnty,0.458,0.149,-8.64,0.0391,0.919,0.0,0.165,113.632
107,4nVBt6MZDDP6tRVdQTgxJg,Story of My Life,82,245493,One Direction,0.6,0.663,-5.802,0.0477,0.225,0.0,0.286,121.07
108,0GPJSHYaXh8rZSSJoUMgyl,free love,59,209280,HONNE,0.708,0.68,-8.203,0.0519,0.0625,0.0,0.7,133.947
109,5GKwq4sO5ZHKuWaDmdwMQc,Bad Boy,71,210817,Red Velvet,0.714,0.736,-3.801,0.0457,0.191,0.0,0.814,149.985
110,1NhDc9mj96iCwgP5TniyY7,Takkan Kemana,59,240440,TheOvertunes,0.584,0.307,-11.363,0.0256,0.327,0.0268,0.0797,82.033
111,5JESuE80fvausWHjcT9QVh,Aku Milikmu,58,332733,Dewa 19,0.477,0.688,-8.043,0.0351,0.668,0.000167,0.228,135.098
112,3omvXShuRPM3zbDpWYqf5g,MORE & MORE,76,199653,TWICE,0.739,0.841,-4.162,0.06,0.0312,0.0,0.562,106.99
113,33NAYATbWRoo5RuEP30JBZ,Love Shot,61,200306,EXO,0.689,0.678,-4.287,0.119,0.0702,0.0,0.335,145.883
114,3g0mEQx3NTanacLseoP0Gw,Takeaway,79,209880,"The Chainsmokers, ILLENIUM, Lennon Stella",0.528,0.511,-8.144,0.0324,0.126,0.0,0.351,100.1
115,3R0FDwQSXOiO5gaOZFxKZ5,Sweet Scar,67,194854,"Weird Genius, Prince Husein, Eka Gustiwana, Reza Oktovian, Billy Taner",0.529,0.857,-1.183,0.0385,0.246,0.0,0.417,150.143
116,7LXW05QcQi9ri7ZBYqGhPJ,Punch,58,204000,NCT 127,0.636,0.915,-3.473,0.183,0.0353,0.0,0.511,90.946
117,7LVHVU3tWfcxj5aiPFEW4Q,Fix You,82,295533,Coldplay,0.209,0.417,-8.74,0.0338,0.164,0.00196,0.124,138.178
118,1k5vv2ood14aa5uBYWBlWh,Resah,57,240882,Payung Teduh,0.415,0.286,-8.936,0.028,0.898,0.000735,0.36,136.095
119,5AZ41aRMKszALdu5qm4sju,Korban Janji,60,255508,Guyon Waton,0.716,0.554,-6.934,0.0304,0.713,1.7e-06,0.718,124.977
120,4gW0fnArZ93uAElSkuw0PG,Sorry,65,187111,Pamungkas,0.557,0.608,-5.613,0.0291,0.159,0.000487,0.385,134.919
121,3IesVVqYxCsRCsz5OCmC7q,April,65,263746,Fiersa Besari,0.364,0.466,-8.27,0.0268,0.587,0.0,0.575,79.939
122,2dIBMHByUGcNPzmYBJ6OAj,Evaluasi,60,194469,Hindia,0.609,0.966,-4.469,0.0571,0.00194,2.83e-06,0.505,102.014
123,4GfK1qOF3uBWidbPlTCQRL,Monokrom,65,214567,Tulus,0.534,0.463,-9.389,0.0326,0.571,5.59e-06,0.519,88.045
124,3h3BXv7Iq5CTTiN9CHgkNe,Januari,63,222160,Glenn Fredly,0.586,0.607,-6.7,0.0292,0.00389,0.0,0.278,122.171
125,1utZ89iXAoZ4YydESdvkim,Tegar 2.0,43,180059,Rossa,0.682,0.637,-6.829,0.0532,0.615,7.34e-06,0.706,135.974
126,1MdjZzEInrmDBXf8zs0nKS,Dan...,66,288706,Sheila On 7,0.658,0.539,-12.051,0.026,0.156,0.0106,0.536,125.041
127,5AkV53fo1u01mi8r22JNeF,I Just Couldn't Save You Tonight (feat. Aurélie) - Story of Kale - Original Motion Picture Soundtrack,73,219600,"Ardhito Pramono, Aurélie",0.372,0.322,-9.831,0.0398,0.851,1.02e-06,0.152,85.064
128,7b6z03ctOD39o4Cez0wr0X,Switchblade,50,204299,NIKI,0.694,0.69,-6.248,0.0845,0.346,0.000674,0.304,97.027
129,6MczIMSdoZyw8EBPhihazN,Jangan Rubah Takdirku,58,234813,Andmesh,0.402,0.318,-8.245,0.0313,0.753,0.0,0.122,126.728
130,7B3zHfPqcLgV3DHcjQP2OM,Makna Cinta,70,205781,Rizky Febian,0.492,0.667,-6.198,0.0383,0.151,0.0013,0.706,84.922
131,0CahNFWYcfqUzP7aYhg6J6,Yang Terdalam,60,197240,Peterpan,0.623,0.455,-10.282,0.0328,0.323,0.146,0.622,138.075
132,463XKKFCPlcrhtlwGbEovu,Fana Merah Jambu,62,358626,Fourtwnty,0.704,0.545,-7.545,0.0323,0.536,0.0,0.589,109.953
133,3FPlY1uqTe1oFfIgI0BnoA,Beranjak Dewasa,62,297617,Nadin Amizah,0.56,0.331,-7.929,0.0287,0.454,0.00347,0.0781,115.094
134,6A5tlFsbty5iJkSqMFWNFs,Pilu Membiru,64,251813,Kunto Aji,0.368,0.27,-10.989,0.0289,0.894,0.00029,0.0547,82.536
135,4reIsHKw5hUj4pV8zzMjLA,I Still Love You,70,286313,TheOvertunes,0.446,0.159,-12.129,0.0376,0.906,5.24e-06,0.172,119.93
136,3aYNukxQiUfVOayL7KowCK,Datang Untuk Pergi,62,189857,Mahen,0.485,0.449,-8.624,0.0279,0.828,0.00047,0.251,125.998
137,79xK6U9ebkeiE5W3n0ejAI,You,50,244448,Raisa,0.643,0.712,-5.651,0.173,0.732,0.0,0.849,102.962
138,7cEiPsmPbdwcYxHAYqtW5v,Separuh Nafas,55,222029,Dewa 19,0.567,0.944,-6.074,0.0417,0.00393,0.000574,0.964,100.027
139,1wBT9CCMt0pLE9087GC7sa,Layang Kangen,51,272733,Didi Kempot,0.659,0.654,-6.634,0.0283,0.0807,7.4e-05,0.87,139.975
140,06pezDUwqVsUfpBNw6uJir,LATHI (with Sara Fajira),70,188900,"Weird Genius, Sara Fajira",0.586,0.898,-1.928,0.0353,0.0857,0.000254,0.21,149.971
141,0z0IUtjQGqosN3pEaxwbu8,DOA,56,161162,Rich Brian,0.603,0.611,-7.787,0.0478,0.227,0.0,0.317,86.001
142,5M8mDTrtoPYE0MjOpaWzc8,Yang Terlupakan,56,295946,Iwan Fals,0.37,0.514,-5.479,0.0302,0.0409,0.00115,0.17,126.978
143,1k5vv2ood14aa5uBYWBlWh,Resah,57,240882,Payung Teduh,0.415,0.286,-8.936,0.028,0.898,0.000735,0.36,136.095
144,2ey0HK2pXI9y5cIW5NqFLj,Konco Mesra,54,301580,Nella Kharisma,0.84,0.771,-3.631,0.038,0.226,0.0,0.846,134.915
145,6iWGlCPo26iSldLYuy7jOx,Sebatas Teman,56,308039,Guyon Waton,0.731,0.669,-6.311,0.0291,0.358,0.000223,0.719,126.97
146,2UPnFWT4WuhvW0ZnStT2yM,Pesan Dari Hati,19,263320,Happy Asmara,0.741,0.61,-8.906,0.028,0.365,0.00949,0.57,129.99
147,1V8bFVFKv8OKHRzS1Cq4iA,12 Tahun Terindah,59,228707,Bunga Citra Lestari,0.328,0.242,-10.567,0.0341,0.965,1.13e-06,0.351,83.272
148,20ErPO4psH5LxvuY5r4P2K,Ku Ingin Memilikimu,61,239800,Brisia Jodie,0.216,0.326,-8.685,0.0331,0.821,0.000109,0.152,61.983
149,7GaqO0Mddb1W2bMmV3g6Kx,Ruang Rindu,53,189397,Mawar De Jongh,0.65,0.46,-8.167,0.0331,0.819,0.0,0.425,82.989
152,4Xlt7aWeALTty1MLs7Cetb,Plot Twist,55,207213,NIKI,0.801,0.488,-9.609,0.0618,0.648,0.00855,0.357,96.987
153,6I9rJKR6WPRir6XoAaaJvH,Terlalu Cinta,68,248133,Rossa,0.4,0.406,-5.668,0.035,0.815,1.88e-06,0.377,118.892
154,2ygvZOXrIeVL4xZmAWJT2C,my future,84,208155,Billie Eilish,0.444,0.309,-10.956,0.062,0.795,0.132,0.0875,104.745
155,75OokMC3JzPnRNXcLTAKdr,Mendarah,60,242363,Nadin Amizah,0.412,0.202,-11.476,0.0329,0.797,2.11e-05,0.244,117.289
157,12DwMhWoEn61zfmZ0uKpQX,Kembali,40,263871,Raisa,0.266,0.313,-11.614,0.0548,0.456,0.00557,0.133,71.783
158,3AzjcOeAmA57TIOr9zF1ZW,Physical,81,193829,Dua Lipa,0.647,0.844,-3.756,0.0457,0.0137,0.000658,0.746,146.967
159,7eOkHIcaoUhngxxypM5Ajr,Look At Her Now,74,162595,Selena Gomez,0.753,0.564,-7.908,0.252,0.114,0.0273,0.55,77.342
160,0dt4PQHkwoshBgGrMdK0GX,Memori Berkasih,52,410672,"Nella Kharisma, Fery",0.582,0.759,-4.751,0.0285,0.247,0.0,0.559,164.004
161,6Mp5wge6ri9XgqcQqMJVyb,Tatu,58,286162,Happy Asmara,0.691,0.538,-7.906,0.0269,0.128,0.0343,0.685,130.009
162,4Dr2hJ3EnVh2Aaot6fRwDO,Blueming,71,217053,IU,0.819,0.674,-3.145,0.0587,0.0849,0.0,0.682,106.032
163,1IyPYy5Z6uHpIseEcQkfgw,Memilih Dia,45,217538,Bunga Citra Lestari,0.456,0.254,-11.318,0.0375,0.898,0.000673,0.286,131.021
164,0gwX8pbggPti7zeRtzcH29,Kisahku,42,271200,Brisia Jodie,0.533,0.298,-11.069,0.0315,0.741,4.82e-05,0.112,129.676
165,10CbwBfusPvPWuzuTLeMdm,Sedang Sayang Sayangnya,67,261030,Mawar De Jongh,0.518,0.424,-8.531,0.0421,0.731,0.0,0.552,165.715
166,7DnAm9FOTWE3cUvso43HhI,Sweet but Psycho,76,187436,Ava Max,0.72,0.706,-4.719,0.0473,0.0684,0.0,0.62,133.002
167,073ILU1C3APNRGF66VhtyA,Liar,71,207038,Camila Cabello,0.74,0.498,-6.684,0.0456,0.0169,0.00282,0.652,98.016
168,31jvIfeq7s4yJ1VUOV0JtF,Aduh,56,180322,Marion Jola,0.726,0.63,-5.751,0.11,0.154,6.87e-06,0.448,95.046
169,78qd8dvwea0Gosb6Fe6j3k,Boss Bitch,83,134239,Doja Cat,0.707,0.955,-4.593,0.222,0.127,0.0,0.575,125.989
170,3pCt2wRdBDa2kCisIdHWgF,To the Bone,64,344571,Pamungkas,0.668,0.727,-6.55,0.027,0.514,1.9e-05,0.939,139.991
172,3IesVVqYxCsRCsz5OCmC7q,April,65,263746,Fiersa Besari,0.364,0.466,-8.27,0.0268,0.587,0.0,0.575,79.939
173,2dIBMHByUGcNPzmYBJ6OAj,Evaluasi,60,194469,Hindia,0.609,0.966,-4.469,0.0571,0.00194,2.83e-06,0.505,102.014
174,3B4VP6swG49n3scg2aMfA6,Pamit,61,232516,Tulus,0.304,0.3,-10.158,0.0306,0.843,0.000302,0.337,77.946
175,1GmIlN8URkjZxtV99zKlBk,Sekali Ini Saja,64,235280,Glenn Fredly,0.526,0.404,-9.34,0.0287,0.201,3.81e-06,0.162,124.103
176,0s26En1JoJhVj32vizElpA,Feelings,75,189906,Lauv,0.694,0.466,-6.758,0.0384,0.0934,0.0,0.246,103.018
177,1sUcuZMuz5Kn5rATfzL77v,Here We Go Again / Fanboi,60,192233,Ardhito Pramono,0.63,0.441,-10.461,0.0518,0.788,0.0,0.381,120.014
178,4qoaQzYXE7e6a4dlQC6MSm,Jangan Lupakan Aku,55,205520,Andmesh,0.545,0.311,-9.797,0.029,0.732,2.9e-05,0.261,136.023
179,22O2Zdfj3jnJZDSzlDMAJp,Heading Home,69,184889,"Alan Walker, Ruben",0.73,0.789,-3.982,0.034,0.0269,0.0,0.106,107.981
180,2ROCaprX5ROfL2GkkbkCWy,Mantra Cinta,67,219943,Rizky Febian,0.732,0.677,-8.254,0.027,0.0423,4.78e-05,0.69,105.01
181,60iSKGrGazRzICtMjADNSM,Hold Me While You Wait,82,205686,Lewis Capaldi,0.688,0.53,-5.507,0.0333,0.443,0.0,0.162,106.958
182,34gCuhDGsG4bRPIf9bb02f,Thinking out Loud,84,281560,Ed Sheeran,0.781,0.445,-6.061,0.0295,0.474,0.0,0.591,78.998
183,2bT1PH7Cw3J9p3t7nlXCdh,If I Can't Have You,76,191466,Shawn Mendes,0.691,0.823,-4.197,0.0623,0.487,0.0,0.87,123.935
184,5A1w94uzc1kO1Zhe8WWxC3,Right Back,64,215226,Khalid,0.788,0.427,-9.918,0.308,0.0649,3.62e-05,0.605,97.038
185,4ZG4aqyBvKk3V3yZBoLToK,Sulung,58,113906,Kunto Aji,0.424,0.293,-12.723,0.0306,0.839,9.58e-05,0.318,52.463
186,5UgZoWvuycExNhZd6vIF7D,Luka Yang Kurindu,70,214000,Mahen,0.509,0.283,-12.236,0.0331,0.884,0.0014,0.227,127.943
187,1Cx1tBi1xRPWFUGyHhhtdM,Stasiun Balapan,48,212586,Didi Kempot,0.706,0.731,-5.484,0.0296,0.172,0.00196,0.922,138.033
189,3SB9BNY4bTILdI5NOJ3jvc,Aku Bukan Pilihan,54,258413,Iwan Fals,0.626,0.409,-9.241,0.0424,0.586,1.25e-05,0.23,79.136
190,0VjIjW4GlUZAMYd2vXMi3b,Blinding Lights,96,200040,The Weeknd,0.514,0.73,-5.934,0.0598,0.00146,9.54e-05,0.334,171.005
191,1rgnBhdG2JDFTbYkYRZAku,Dance Monkey,70,209754,Tones And I,0.825,0.593,-6.401,0.0988,0.688,0.000161,0.54,98.078
194,3PfIrDoz19wz7qK7tYeu62,Don't Start Now,84,183290,Dua Lipa,0.793,0.793,-4.521,0.083,0.0123,0.0,0.679,123.95
196,6UelLqGlWMcVH1E5c4H7lY,Watermelon Sugar,93,174000,Harry Styles,0.548,0.816,-4.209,0.0465,0.122,0.0,0.557,95.39
197,7eJMfftS33KTjuF7lTsMCx,death bed (coffee for your head),90,173333,"Powfu, beabadoobee",0.726,0.431,-8.765,0.135,0.731,0.0,0.348,144.026
198,2rRJrJEo19S2J82BDsQ3F7,Falling,78,159381,Trevor Daniel,0.784,0.43,-8.756,0.0364,0.123,0.0,0.236,127.087
199,7qEHsqek33rTcFNT9PFqLf,Someone You Loved,90,182160,Lewis Capaldi,0.501,0.405,-5.679,0.0319,0.751,0.0,0.446,109.891
200,7k4t7uLgtOxPwTpFmtJNTY,Tusa,88,200960,"KAROL G, Nicki Minaj",0.803,0.715,-3.28,0.298,0.295,0.000134,0.574,101.085
202,21jGcNKet2qwijlDFuPiPb,Circles,89,215280,Post Malone,0.695,0.762,-3.497,0.0395,0.192,0.00244,0.553,120.042
204,4umIPjkehX1r7uhmGvXiSV,Intentions (feat. Quavo),82,212866,"Justin Bieber, Quavo",0.806,0.546,-6.637,0.0575,0.3,0.0,0.874,147.986
206,2gMXnyrvIjhVBUZwvLZDMP,Before You Go,86,215106,Lewis Capaldi,0.459,0.575,-4.858,0.0573,0.604,0.0,0.183,111.881
208,2b8fOow8UzyDFAE27YhOZM,Memories,89,189486,Maroon 5,0.764,0.32,-7.209,0.0546,0.837,0.0,0.575,91.019
211,3jjujdWJ72nww5eGnfs2E7,Adore You,87,207133,Harry Styles,0.676,0.771,-3.675,0.0483,0.0237,7e-06,0.569,99.048
212,3H7ihDc1dqLriiWXwsc2po,Breaking Me,91,166793,"Topic, A7S",0.789,0.72,-5.652,0.218,0.223,0.0,0.664,122.031
214,3ZCTVFBt2Brf31RLEnCkWJ,everything i wanted,87,245425,Billie Eilish,0.704,0.225,-14.454,0.0994,0.902,0.657,0.243,120.006
215,6v3KW9xbzN5yKLt9YKDYA2,Señorita,82,190799,"Shawn Mendes, Camila Cabello",0.759,0.548,-6.049,0.029,0.0392,0.0,0.749,116.967
216,2Fxmhks0bxGSBdJ92vM42m,bad guy,88,194087,Billie Eilish,0.701,0.425,-10.965,0.375,0.328,0.13,0.562,135.128
218,1Cv1YLb4q0RzL6pybtaMLo,Sunday Best,85,158571,Surfaces,0.878,0.525,-6.832,0.0578,0.183,0.0,0.694,112.022
220,16wAOAZ2OkqoIDN7TpChjR,Yummy,76,208520,Justin Bieber,0.676,0.506,-6.652,0.0958,0.345,0.0,0.497,145.842
221,017PF4Q3l4DBUiWoXk4OWT,Break My Heart,85,221820,Dua Lipa,0.73,0.729,-3.434,0.0883,0.167,1.39e-06,0.467,113.013
222,0t1kP63rueHleOhQkYSXFY,Dynamite,95,199053,BTS,0.746,0.765,-4.41,0.0993,0.0112,0.0,0.737,114.044
224,62aP9fBQKYKxi7PDXwcUAS,ily (i love you baby) (feat. Emilee),87,176546,"Surf Mesa, Emilee",0.674,0.774,-7.567,0.0892,0.0686,0.00188,0.33,112.05
225,7ju97lgwC2rKQ6wwsf9no9,Rain On Me (with Ariana Grande),82,182200,"Lady Gaga, Ariana Grande",0.672,0.855,-3.764,0.0397,0.021,0.0,0.646,123.056
227,0RiRZpuVRbi7oqRdSMwhQY,Sunflower - Spider-Man: Into the Spider-Verse,82,157560,"Post Malone, Swae Lee",0.755,0.522,-4.368,0.0575,0.533,0.0,0.925,89.96
228,1yoMvmasuxZfqHEipJhRbp,Hawái,88,199112,Maluma,0.783,0.727,-3.454,0.389,0.185,2.46e-05,0.558,180.067
229,2tnVG71enUj33Ic2nFN6kZ,Ride It,87,157605,Regard,0.88,0.751,-4.258,0.0874,0.177,6.43e-05,0.884,117.948
234,0u2P5u6lvoDfwTYjAADbn4,lovely (with Khalid),89,200185,"Billie Eilish, Khalid",0.351,0.296,-10.109,0.0333,0.934,0.0,0.12,115.284
236,4HBZA5flZLE435QTztThqH,Stuck with U (with Justin Bieber),89,228482,"Ariana Grande, Justin Bieber",0.597,0.45,-6.658,0.0418,0.223,0.0,0.537,178.765
237,2kJwzbxV2ppxnQoYw4GLBZ,If the World Was Ending - feat. Julia Michaels,87,208687,"JP Saxe, Julia Michaels",0.464,0.473,-10.086,0.129,0.866,0.0,0.604,75.801
238,3AzjcOeAmA57TIOr9zF1ZW,Physical,81,193829,Dua Lipa,0.647,0.844,-3.756,0.0457,0.0137,0.000658,0.746,146.967
242,2lCkncy6bIB0LTMT7kvrD1,Azul,87,205933,J Balvin,0.843,0.836,-2.474,0.0695,0.0816,0.00138,0.65,94.018
244,0VjIjW4GlUZAMYd2vXMi3b,Blinding Lights,96,200040,The Weeknd,0.514,0.73,-5.934,0.0598,0.00146,9.54e-05,0.334,171.005
245,2QyuXBcV1LJ2rq01KhreMF,ON,82,246380,BTS,0.583,0.817,-5.146,0.0987,0.118,0.0,0.438,105.936
246,54bFM56PmE4YLRnqpW6Tha,Therefore I Am,95,174321,Billie Eilish,0.889,0.34,-7.773,0.0697,0.218,0.13,0.716,94.009
247,4R2kfaDFhslZEMJqAFNpdd,cardigan,83,239560,Taylor Swift,0.613,0.581,-8.588,0.0424,0.537,0.000345,0.551,130.033
251,364dI1bYnvamSnBJ8JcNzN,Intentions,82,212868,"Justin Bieber, Quavo",0.811,0.553,-6.644,0.0552,0.317,0.0,0.86,148.014
254,017PF4Q3l4DBUiWoXk4OWT,Break My Heart,85,221820,Dua Lipa,0.73,0.729,-3.434,0.0883,0.167,1.39e-06,0.467,113.013
255,5Jm4w8jmPEBTLjI9vH4fXo,Caramelo,79,217240,Ozuna,0.735,0.791,-4.462,0.0679,0.0529,0.000146,0.697,168.087
256,0hVXuCcriWRGvwMV1r5Yn9,I Don't Care (with Justin Bieber),78,219946,"Ed Sheeran, Justin Bieber",0.798,0.676,-5.041,0.0442,0.0902,0.0,0.843,101.956
258,1mpD5Q8IM32I4bF6eCpU74,Up All Night,77,157220,Khalid,0.665,0.712,-7.536,0.0527,0.00103,0.00342,0.669,93.989
260,7sQKy5vlPQllr0k9IjYJv3,Sigues Con El,82,226532,"Dímelo Flow, Arcangel, Sech",0.883,0.668,-2.957,0.113,0.11,0.000529,0.676,87.972
263,6UelLqGlWMcVH1E5c4H7lY,Watermelon Sugar,93,174000,Harry Styles,0.548,0.816,-4.209,0.0465,0.122,0.0,0.557,95.39
266,7ju97lgwC2rKQ6wwsf9no9,Rain On Me (with Ariana Grande),82,182200,"Lady Gaga, Ariana Grande",0.672,0.855,-3.764,0.0397,0.021,0.0,0.646,123.056
268,4ZRrLHqzhGRXYj2qcB4s5S,Tattoo - Remix with Camilo,89,222680,"Rauw Alejandro, Camilo",0.848,0.637,-5.132,0.156,0.0413,0.0,0.698,96.988
270,2QpGZOhTCHHiKmpSO9FW4h,Follow God,74,104591,Kanye West,0.529,0.9,-3.503,0.418,0.000248,1.21e-05,0.434,180.291
271,1yoMvmasuxZfqHEipJhRbp,Hawái,88,199112,Maluma,0.783,0.727,-3.454,0.389,0.185,2.46e-05,0.558,180.067
272,2b8fOow8UzyDFAE27YhOZM,Memories,89,189486,Maroon 5,0.764,0.32,-7.209,0.0546,0.837,0.0,0.575,91.019
273,7tFiyTwD0nx5a1eklYtX2J,Bohemian Rhapsody - Remastered 2011,73,354320,Queen,0.392,0.402,-9.961,0.0536,0.288,0.0,0.228,143.883
275,4nVBt6MZDDP6tRVdQTgxJg,Story of My Life,82,245493,One Direction,0.6,0.663,-5.802,0.0477,0.225,0.0,0.286,121.07
277,15OjBeqNX3bShsGYQbteRv,La Tóxica,92,180520,Farruko,0.659,0.701,-4.107,0.164,0.0882,0.0,0.623,91.97
278,6Qn5zhYkTa37e91HC1D7lb,Whatever It Takes,81,201240,Imagine Dragons,0.672,0.655,-5.021,0.0311,0.0362,0.0,0.556,134.945
279,3Z8FwOEN59mRMxDCtb8N0A,Be Kind (with Halsey),86,172761,"Marshmello, Halsey",0.63,0.633,-7.088,0.0457,0.00776,0.0,0.452,93.995
280,2Z8yfpFX0ZMavHkcIeHiO1,Monster (Shawn Mendes & Justin Bieber),92,178994,"Shawn Mendes, Justin Bieber",0.652,0.383,-7.076,0.0516,0.0676,0.0,0.549,145.765
281,2yPoXCs7BSIUrucMdK5PzV,Umbrella,65,275986,"Rihanna, JAY-Z",0.583,0.829,-4.603,0.134,0.00864,0.0,0.575,174.028
282,2EqlS6tkEnglzr7tkKAAYD,Come Together - Remastered 2009,78,259946,The Beatles,0.533,0.376,-11.913,0.0393,0.0302,0.248,0.187,165.007
283,75JFxkI2RXiU7L9VXzMkle,The Scientist,84,309600,Coldplay,0.557,0.442,-7.224,0.0243,0.731,1.46e-05,0.213,146.277
284,34pRqzRiFcIuyRMuuEayzY,How Do You Sleep?,70,202204,Sam Smith,0.561,0.685,-4.891,0.0835,0.154,0.0,0.363,165.944
285,7qEHsqek33rTcFNT9PFqLf,Someone You Loved,90,182160,Lewis Capaldi,0.501,0.405,-5.679,0.0319,0.751,0.0,0.446,109.891
286,3yOlyBJuViE2YSGn3nVE1K,My Oh My (feat. DaBaby),81,170746,"Camila Cabello, DaBaby",0.724,0.491,-6.024,0.0296,0.018,1.29e-05,0.383,105.046
287,4l0Mvzj72xxOpRrp6h8nHi,Lose You To Love Me,84,206458,Selena Gomez,0.488,0.343,-8.985,0.0436,0.556,0.0,0.0978,102.819
289,1sgDyuLooyvEML4oHspNza,Lose Somebody,75,199549,"Kygo, OneRepublic",0.58,0.586,-6.883,0.0357,0.344,0.0,0.507,147.988
290,0t1kP63rueHleOhQkYSXFY,Dynamite,95,199053,BTS,0.746,0.765,-4.41,0.0993,0.0112,0.0,0.737,114.044
291,2b8fOow8UzyDFAE27YhOZM,Memories,89,189486,Maroon 5,0.764,0.32,-7.209,0.0546,0.837,0.0,0.575,91.019
292,7tFiyTwD0nx5a1eklYtX2J,Bohemian Rhapsody - Remastered 2011,73,354320,Queen,0.392,0.402,-9.961,0.0536,0.288,0.0,0.228,143.883
293,4cluDES4hQEUhmXj6TXkSo,What Makes You Beautiful,82,199986,One Direction,0.726,0.787,-2.494,0.0737,0.009,0.0,0.888,124.99
294,1zB4vmk8tFRmM9UULNzbLB,Thunder,84,187146,Imagine Dragons,0.605,0.822,-4.833,0.0438,0.00671,0.134,0.288,167.997
295,4pbG9SUmWIvsROVLF0zF9s,I Want To Hold Your Hand - Remastered 2015,72,145746,The Beatles,0.49,0.715,-5.549,0.0476,0.386,0.0,0.866,130.726
296,7LVHVU3tWfcxj5aiPFEW4Q,Fix You,82,295533,Coldplay,0.209,0.417,-8.74,0.0338,0.164,0.00196,0.124,138.178
297,4SFknyjLcyTLJFPKD2m96o,How You Like That,85,180946,BLACKPINK,0.812,0.8,-4.282,0.077,0.0375,0.000112,0.357,130.036
298,7BKLCZ1jbUBVqRi2FVlTVw,Closer,84,244960,"The Chainsmokers, Halsey",0.748,0.524,-5.599,0.0338,0.414,0.0,0.661,95.01
299,60a0Rd6pjrkxjPbaKzXjfq,In the End,83,216880,Linkin Park,0.556,0.864,-5.87,0.0584,0.00958,0.0,0.4,105.143
300,6xZ4Q2k2ompmDppyeESIY8,Level of Concern,77,220051,Twenty One Pilots,0.754,0.583,-7.34,0.0432,0.32,0.00015,0.77,122.012
302,2iUXsYOEPhVqEBwsqP70rE,Youngblood,81,203417,5 Seconds of Summer,0.596,0.854,-5.114,0.463,0.0169,0.0,0.152,120.274
303,3d9DChrdc6BOeFsbrZ3Is0,Under the Bridge,81,264306,Red Hot Chili Peppers,0.559,0.345,-13.496,0.0459,0.0576,0.000105,0.458,84.581
304,08mG3Y1vljYA6bvDt4Wqkj,Back In Black,84,255493,AC/DC,0.31,0.7,-5.678,0.047,0.011,0.00965,0.763,188.386
305,2K0r5GD5zYlEMx2M7ZMcqG,Better Days,77,144530,OneRepublic,0.626,0.726,-5.015,0.0376,0.235,0.0,0.257,89.132
306,1rqqCSm0Qe4I9rUvWncaom,High Hopes,83,190946,Panic! At The Disco,0.579,0.904,-2.729,0.0618,0.193,0.0,0.681,82.014
307,5FVd6KXrgO9B3JPmC8OPst,Do I Wanna Know?,84,272394,Arctic Monkeys,0.548,0.532,-7.596,0.0323,0.186,0.000263,0.405,85.03
308,5BIMPccDwShpXq784RJlJp,Enter Sandman,73,331573,Metallica,0.579,0.824,-8.71,0.03,0.00206,0.00903,0.635,123.331
309,0ofHAoxe9vBkTCp2UQIavz,Dreams - 2004 Remaster,88,257800,Fleetwood Mac,0.828,0.492,-9.744,0.0276,0.0644,0.00428,0.789,120.151
310,4wNIkl5XGiAACjFBlDWuSd,What A Man Gotta Do,82,180644,Jonas Brothers,0.852,0.698,-7.206,0.0629,0.00839,1.03e-06,0.324,113.039
311,76Tuo484SLohJakHLnGI3B,Sweet Melody,77,213693,Little Mix,0.448,0.824,-4.249,0.057,0.0739,0.0,0.419,119.965
312,5hM5arv9KDbCHS0k9uqwjr,Borderline,80,237800,Tame Impala,0.621,0.873,-3.067,0.0369,0.0406,9.1e-06,0.873,97.96
314,5HNCy40Ni5BZJFw1TKzRsC,Comfortably Numb,73,382296,Pink Floyd,0.472,0.366,-12.595,0.0286,0.15,0.308,0.171,127.167
315,04aAxqtGp5pv12UXAg4pkq,Centuries,80,228360,Fall Out Boy,0.393,0.858,-2.868,0.0729,0.00359,0.0,0.56,176.042
316,6JRLFiX9NJSoRRKxowlBYr,Is This Love,74,232200,Bob Marley & The Wailers,0.776,0.559,-8.375,0.103,0.11,0.0,0.758,122.242
317,2cLD0twSUTL9GgwOJkvdiw,Sem Amor - Ao Vivo,67,194268,Henrique & Juliano,0.537,0.829,-5.709,0.0747,0.293,0.0,0.506,89.238
318,6H3kDe7CGoWYBabAeVWGiD,Gimme Shelter,75,270773,The Rolling Stones,0.634,0.63,-8.277,0.031,0.447,0.039,0.489,118.628
319,3Ns9rv1GvecvmQLvubwe16,Que Calor (feat. J Balvin & El Alfa),62,169997,"Major Lazer, J Balvin, El Alfa, Diplo",0.795,0.885,-4.13,0.0715,0.0375,0.00638,0.46,126.037
320,4KLvGldnzUZU4xdELyWBom,Barzinho Aleatório - Ao Vivo,67,158969,Zé Neto & Cristiano,0.394,0.918,-2.657,0.334,0.342,0.0,0.588,157.925
321,3fBJNawfhtgCmo58trRK2z,Cerrando Ciclos,71,195453,Banda MS de Sergio Lizárraga,0.74,0.417,-5.713,0.038,0.192,8.43e-06,0.607,125.832
322,7snQQk1zcKl8gZ92AnueZW,Sweet Child O' Mine,73,356066,Guns N' Roses,0.446,0.952,-5.321,0.0523,0.0901,0.0857,0.624,125.303
323,4P5KoWXOxwuobLmHXLMobV,Come As You Are,72,218920,Nirvana,0.5,0.824,-5.846,0.0388,0.00016,0.00161,0.539,120.125
324,3omvXShuRPM3zbDpWYqf5g,MORE & MORE,76,199653,TWICE,0.739,0.841,-4.162,0.06,0.0312,0.0,0.562,106.99
325,1C5utO1I8FoSIn6g1R5DAZ,If You’re Too Shy (Let Me Know),61,319370,The 1975,0.64,0.628,-6.091,0.0324,0.0157,0.0382,0.235,125.648
327,3dP0pLbg9OfVwssDjp9aT0,Satisfied,74,329228,"Renée Elise Goldsberry, Original Broadway Cast of Hamilton",0.707,0.593,-8.581,0.0949,0.287,0.0,0.478,123.772
328,0hCB0YR03f6AmQaHbwWDe8,Whole Lotta Love - 1990 Remaster,77,333893,Led Zeppelin,0.412,0.902,-11.6,0.405,0.0484,0.131,0.422,89.74
329,5ovVcYo2MvjVydFwFyaaqy,I Should Probably Go To Bed,79,171826,Dan + Shay,0.721,0.277,-7.128,0.0365,0.634,0.0,0.309,131.935
330,7GLWWrk1YlkPYqJK3ynIA0,Lance Individual,79,164458,Jorge & Mateus,0.752,0.62,-5.536,0.0509,0.309,0.0,0.962,117.399
331,1lwvJQGhdq6Kyr4BBquf23,survivin',74,173206,Bastille,0.787,0.78,-5.023,0.129,0.25,0.0,0.68,95.035
332,6wpGqhRvJGNNXwWlPmkMyO,I Still Haven't Found What I'm Looking For,78,277476,U2,0.564,0.774,-9.424,0.0368,0.0135,0.00191,0.657,100.894
333,1Cv1YLb4q0RzL6pybtaMLo,Sunday Best,85,158571,Surfaces,0.878,0.525,-6.832,0.0578,0.183,0.0,0.694,112.022
334,2QjOHCTQ1Jl3zawyYOpxh6,Sweater Weather,88,240400,The Neighbourhood,0.612,0.807,-2.81,0.0336,0.0495,0.0177,0.398,124.053
335,1DFD5Fotzgn6yYXkYsKiGs,Piece Of Your Heart,82,152913,"MEDUZA, Goodboys",0.677,0.744,-6.806,0.0295,0.0404,0.00016,0.631,124.08
336,0v1XpBHnsbkCn7iJ9Ucr1l,It's My Life,78,224493,Bon Jovi,0.551,0.913,-4.063,0.0466,0.0263,1.35e-05,0.544,119.992
337,0XVH2UjkNeaXgh372YtzLe,Moviéndolo - Remix,53,224131,"Pitbull, Wisin & Yandel, El Alfa",0.499,0.814,-5.392,0.273,0.18,0.0,0.592,160.1
338,5vZ4IeUenK2cHub2d7yfWk,RADIO,67,277397,Rammstein,0.652,0.894,-5.145,0.0409,0.00404,0.00381,0.76,132.03
339,5NnQpVPJKpFdGFkIdY1Gds,My Own Soul’s Warning,63,274453,The Killers,0.355,0.963,-3.482,0.132,0.00133,0.00252,0.0923,152.05
340,3ZCTVFBt2Brf31RLEnCkWJ,everything i wanted,87,245425,Billie Eilish,0.704,0.225,-14.454,0.0994,0.902,0.657,0.243,120.006
343,3AzjcOeAmA57TIOr9zF1ZW,Physical,81,193829,Dua Lipa,0.647,0.844,-3.756,0.0457,0.0137,0.000658,0.746,146.967
345,7yBbV2k2S2uhaQc24NF2xt,Stupid Love,79,193533,Lady Gaga,0.68,0.825,-4.296,0.0702,0.00173,0.000122,0.784,117.987
348,1rfofaqEpACxVEHIZBJe6W,Havana (feat. Young Thug),81,217306,"Camila Cabello, Young Thug",0.765,0.523,-4.333,0.03,0.184,3.56e-05,0.394,104.988
349,7HMmFQsKsljwTw8bS7lu19,Rare,75,220589,Selena Gomez,0.838,0.545,-6.713,0.0706,0.208,8.01e-05,0.631,114.998
350,0eitFStHPvKcANp3gTMa4x,Boss Bitch,42,134239,Doja Cat,0.707,0.955,-4.593,0.222,0.127,0.0,0.575,125.989
353,367wyLNqQMr5e8S2E6Zvpp,Daisies,68,174312,Katy Perry,0.642,0.546,-5.377,0.0407,0.0825,0.0,0.142,122.165
356,4GMwkXRXJBedJMmvmltk0Q,Hey Boy,73,149469,Sia,0.572,0.623,-4.828,0.176,0.0544,0.0,0.594,185.812
357,1InCpEliLCkWHOBdXW7XSx,Kings & Queens,83,162398,Ava Max,0.637,0.69,-4.057,0.0405,0.00786,0.0,0.457,129.857
358,2XU0oxnq2qxCpomAAuJY8K,Dance Monkey,89,209438,Tones And I,0.824,0.588,-6.4,0.0924,0.692,0.000104,0.513,98.027
360,5Xhqh4lwJPtMUTsdBztN1a,Me Gusta,77,190570,"Shakira, Anuel AA",0.775,0.696,-5.184,0.0681,0.0559,0.00184,0.775,92.007
361,5JqZ3oqF00jkT81foAFvqg,Prisoner (feat. Dua Lipa),89,169333,"Miley Cyrus, Dua Lipa",0.781,0.67,-3.912,0.0452,0.0103,0.0,0.595,127.99
362,4kflIGfjdZJW4ot2ioixTB,Someone Like You,79,285040,Adele,0.559,0.33,-8.251,0.0285,0.892,0.0,0.285,135.109
363,0zzVTGyRrWpQu8Fr28NRAv,OK Not To Be OK,83,159862,"Marshmello, Demi Lovato",0.743,0.837,-5.025,0.0649,0.0172,0.0,0.263,103.072
364,7e1VoRlNumuEkXlITMHKLE,Me Gusta (with Cardi B & Myke Towers),84,180788,"Anitta, Myke Towers, Cardi B",0.91,0.604,-4.392,0.082,0.448,0.0,0.807,110.075
366,64I6t2tuUGnIlaDIzHJ6YI,Quero Você do Jeito Que Quiser,72,215978,"Marília Mendonça, Maiara & Maraisa",0.698,0.604,-4.574,0.0457,0.501,0.0,0.353,127.707
367,2fTdRdN73RgIgcUZN33dvt,"Baby, I'm Jealous (feat. Doja Cat)",81,175873,"Bebe Rexha, Doja Cat",0.737,0.867,-2.259,0.0458,0.0398,0.0,0.506,98.05
368,6kls8cSlUyHW2BUOkDJIZE,Hate Me (with Juice WRLD),80,186223,"Ellie Goulding, Juice WRLD",0.657,0.768,-4.628,0.0507,0.108,0.0,0.759,75.025
369,1mKXFLRA179hdOWQBwUk9e,Just Give Me a Reason (feat. Nate Ruess),81,242733,"P!nk, Nate Ruess",0.778,0.547,-7.273,0.0489,0.346,0.000302,0.441,95.002
372,7eJMfftS33KTjuF7lTsMCx,death bed (coffee for your head),90,173333,"Powfu, beabadoobee",0.726,0.431,-8.765,0.135,0.731,0.0,0.348,144.026
374,14LTSpk6BUkwIvvBEcpjVe,To Be Young (feat. Doja Cat),42,204503,"Anne-Marie, Doja Cat",0.576,0.608,-5.156,0.0515,0.343,4.28e-06,0.261,78.133
376,5Jq958VQwRyQFujau4TMKD,No Drama,78,204827,"Becky G, Ozuna",0.708,0.815,-4.164,0.0692,0.166,0.0,0.855,174.024
377,76Dlj7Baf1qzNG9CK5dS39,Underdog,57,204400,Alicia Keys,0.658,0.727,-4.752,0.0456,0.546,0.0,0.282,90.102
379,6I9VzXrHxO9rA9A5euc8Ak,Toxic,80,198800,Britney Spears,0.774,0.838,-3.914,0.114,0.0249,0.025,0.924,143.04
380,4w47S36wQGBhGg073q3nt7,TKN (feat. Travis Scott),83,129370,"ROSALÍA, Travis Scott",0.776,0.509,-6.266,0.467,0.192,1.49e-06,0.485,94.634
381,2tUBqZG2AbRi7Q0BIrVrEj,I Wanna Dance with Somebody (Who Loves Me),82,291293,Whitney Houston,0.709,0.824,-8.824,0.0453,0.207,0.000307,0.867,118.818
383,0prNGof3XqfTvNDxHonvdK,Scars To Your Beautiful,73,230226,Alessia Cara,0.573,0.739,-5.74,0.129,0.0285,0.0,0.451,97.085
384,3J6bLodhUHgNyzEZLgcieN,Love Me Land,70,159810,Zara Larsson,0.302,0.481,-7.023,0.0625,0.0945,5.33e-06,0.252,216.334
385,7bIq1v8svANsAys7I694Up,Heaven On My Mind (with Sigala),75,192573,"Becky Hill, Sigala",0.71,0.891,-3.116,0.0749,0.0313,0.0,0.705,125.024
386,45bE4HXI0AwGZXfZtMp8JR,you broke me first,94,169265,Tate McRae,0.642,0.374,-9.386,0.0545,0.786,0.0,0.0799,124.099
389,4PV0uE5pZSh44E3NqNNDEH,Selfish,81,223270,Madison Beer,0.375,0.461,-6.202,0.0279,0.627,0.0,0.233,75.217
392,380HmhwTE2NJgawn1NwkXi,Rojo,79,150720,J Balvin,0.663,0.598,-4.042,0.17,0.193,8.02e-05,0.4,172.245
395,21jGcNKet2qwijlDFuPiPb,Circles,89,215280,Post Malone,0.695,0.762,-3.497,0.0395,0.192,0.00244,0.553,120.042
397,5u1n1kITHCxxp8twBcZxWy,Holy (feat. Chance The Rapper),94,212093,"Justin Bieber, Chance the Rapper",0.673,0.704,-8.056,0.36,0.196,0.0,0.372,86.919
400,5y7DaS3jAc9eZzcSOoUIwU,Una Locura,91,230693,"Ozuna, J Balvin, Chencho Corleone",0.714,0.761,-4.596,0.0427,0.139,0.00035,0.906,168.022
401,70eFcWOvlMObDhURTqT4Fv,Beautiful People (feat. Khalid),77,197866,"Ed Sheeran, Khalid",0.64,0.647,-8.114,0.186,0.124,0.0,0.546,92.979
403,0TrPqhAMoaKUFLR7iYDokf,Know Your Worth,81,181436,"Khalid, Disclosure",0.79,0.694,-7.726,0.0708,0.145,0.00252,0.508,103.007
405,3ZG8N7aWw2meb6UrI5ZmnZ,Relación,84,184254,Sech,0.805,0.562,-3.117,0.105,0.125,4.96e-06,0.767,172.094
408,3jjujdWJ72nww5eGnfs2E7,Adore You,87,207133,Harry Styles,0.676,0.771,-3.675,0.0483,0.0237,7e-06,0.569,99.048
412,4G3PTss3mU33Tau7t4KbwE,Tattoo - Remix with Camilo,74,222680,"Rauw Alejandro, Camilo",0.721,0.637,-5.134,0.286,0.0406,0.0,0.691,193.922
413,2QpGZOhTCHHiKmpSO9FW4h,Follow God,74,104591,Kanye West,0.529,0.9,-3.503,0.418,0.000248,1.21e-05,0.434,180.291
414,4RJz8NfIe09gpKMiRUWKhJ,Parce (feat. Justin Quiles),90,248345,"Maluma, Lenny Tavárez, Justin Quiles",0.691,0.739,-3.09,0.229,0.422,3.95e-06,0.884,83.897
416,15OjBeqNX3bShsGYQbteRv,La Tóxica,92,180520,Farruko,0.659,0.701,-4.107,0.164,0.0882,0.0,0.623,91.97
417,3Z8FwOEN59mRMxDCtb8N0A,Be Kind (with Halsey),86,172761,"Marshmello, Halsey",0.63,0.633,-7.088,0.0457,0.00776,0.0,0.452,93.995
418,5KCbr5ndeby4y4ggthdiAb,Wonder,92,172692,Shawn Mendes,0.333,0.637,-4.904,0.0581,0.131,1.8e-05,0.132,139.898
419,2gMXnyrvIjhVBUZwvLZDMP,Before You Go,86,215106,Lewis Capaldi,0.459,0.575,-4.858,0.0573,0.604,0.0,0.183,111.881
420,1kKYjjfNYxE0YYgLa7vgVY,Higher Love,68,228267,"Kygo, Whitney Houston",0.693,0.678,-7.159,0.0324,0.0151,5.71e-06,0.404,103.952
423,1Ol5LmdNDNpFu1oNwfgkux,Tutu,71,179339,"Camilo, Pedro Capó",0.727,0.838,-2.435,0.0472,0.297,0.0,0.933,145.995
424,4vjpLMyL3ZO6aphdYr8XYw,i'm so tired...,80,162586,"Lauv, Troye Sivan",0.599,0.733,-7.058,0.203,0.176,0.0,0.534,102.211
427,3ZWhRS2EJVL5B0IEzkcvZa,Sweet & Sour (feat. Lauv & Tyga),74,163228,"Jawsh 685, Lauv, Tyga",0.827,0.73,-5.324,0.0934,0.092,1.35e-05,0.679,95.003
428,5YUyW9opqNsMSEzzecZih1,X,75,172854,"Nicky Jam, J Balvin",0.594,0.749,-5.298,0.056,0.0338,0.00106,0.694,179.968
429,6lhZLbb0czULpjb2kFryPS,Let's Love,82,200645,"David Guetta, Sia",0.662,0.868,-4.025,0.0341,0.00882,0.00244,0.353,92.998
431,0KKkJNfGyhkQ5aFogxQAPU,That's What I Like,81,206693,Bruno Mars,0.853,0.56,-4.961,0.0406,0.013,0.0,0.86,134.066
434,5N5k9nd479b1xpDZ4usjrg,Promises (with Sam Smith),80,213309,"Calvin Harris, Sam Smith, Jessie Reyez",0.781,0.768,-5.991,0.0394,0.0119,4.91e-06,0.486,123.07
436,7FullO2NDkyvxLuxYVKINa,Excitement (feat. PARTYNEXTDOOR),72,283285,"Trippie Redd, PARTYNEXTDOOR",0.443,0.536,-8.187,0.0378,0.0194,4.24e-05,0.0391,121.967
437,59qrUpoplZxbIZxk6X0Bm3,Take You Dancing,91,190306,Jason Derulo,0.789,0.711,-4.248,0.041,0.0332,0.0,0.753,112.985
440,0t1kP63rueHleOhQkYSXFY,Dynamite,95,199053,BTS,0.746,0.765,-4.41,0.0993,0.0112,0.0,0.737,114.044
441,4SFknyjLcyTLJFPKD2m96o,How You Like That,85,180946,BLACKPINK,0.812,0.8,-4.282,0.077,0.0375,0.000112,0.357,130.036
442,5KawlOMHjWeUjQtnuRs22c,Boy With Luv (feat. Halsey),84,229773,"BTS, Halsey",0.645,0.862,-4.757,0.0965,0.0923,0.0,0.798,119.991
443,4JUPEh2DVSXFGExu4Uxevz,Ice Cream (with Selena Gomez),80,175813,"BLACKPINK, Selena Gomez",0.785,0.719,-3.886,0.354,0.0374,0.000108,0.887,159.953
444,3bkkMZEAhx7rTVz1C0itRQ,Black Swan,75,198260,BTS,0.719,0.758,-5.167,0.0851,0.137,0.0,0.49,147.023
445,2QyuXBcV1LJ2rq01KhreMF,ON,82,246380,BTS,0.583,0.817,-5.146,0.0987,0.118,0.0,0.438,105.936
446,1IWNylpZ477gIVUDpJL66u,Sour Candy (with BLACKPINK),75,157706,"Lady Gaga, BLACKPINK",0.752,0.87,-3.812,0.0623,0.0604,1.12e-05,0.784,120.006
447,4pUCKHjJ4Ijewc37rRrvHn,Kill This Love,56,189052,BLACKPINK,0.738,0.861,-4.141,0.237,0.32,0.00175,0.58,131.974
448,3CYH422oy1cZNoo0GTG1TK,Psycho,80,210560,Red Velvet,0.664,0.666,-2.203,0.0446,0.193,0.0,0.405,139.987
449,6tCssnvTUREcperDOUTqvA,WANNABE,77,191242,ITZY,0.809,0.911,-4.41,0.0617,0.00795,0.000179,0.64,122.035
450,0ono6UCNVZ1XqOm6j78Blu,Filter,79,180220,BTS,0.781,0.762,-5.188,0.0626,0.0222,0.0,0.86,110.042
451,4Ws314Ylb27BVsvlZOy30C,Lovesick Girls,84,192760,BLACKPINK,0.658,0.733,-4.756,0.0586,0.00668,0.0,0.464,127.977
452,0pYacDCZuRhcrwGUA5nTBe,eight(Prod.&Feat. SUGA of BTS),79,167573,"IU, SUGA",0.676,0.869,-1.573,0.0423,0.115,0.0,0.594,120.029
453,2aI2k39nfa3KFsa4JclQzw,DDU-DU DDU-DU,77,209355,BLACKPINK,0.671,0.859,-3.922,0.0833,0.0323,0.0,0.389,139.931
454,3Ys2PYl1wyPKQIwyqhP9cQ,Stay Gold,79,243266,BTS,0.723,0.634,-5.415,0.0542,0.0892,0.0,0.582,129.017
455,4vTgx6h4seHvkuFh84JXYP,My Time,77,234457,BTS,0.674,0.64,-5.139,0.0339,0.151,0.0,0.664,99.908
456,2HtcPHFdo7eu4Ilbvb0BVI,Feel Special,76,206866,TWICE,0.709,0.959,-1.339,0.0603,0.0296,0.00188,0.644,128.983
457,2qG81jL9UIP54uS8gYyP4k,Who (feat. BTS),77,180413,"Lauv, BTS",0.632,0.345,-8.0,0.0349,0.551,0.0,0.0818,141.641
458,3aW0ds4A4tSQDIp75FqWTo,FAKE LOVE,73,242333,BTS,0.557,0.719,-4.515,0.0372,0.00267,0.0,0.344,77.501
459,0W5hTAWn8Tq0Qfhg1XP3YW,FANCY,76,213880,TWICE,0.697,0.874,-2.15,0.045,0.0122,0.0,0.775,132.022
460,13hvHEstJ4sNbzdroPrPI3,Kiss and Make Up,53,190560,"Dua Lipa, BLACKPINK",0.675,0.729,-4.383,0.146,0.0557,0.0,0.63,99.986
461,1iIhGHzzrzqQfuNkFI2qAn,Any song,73,227226,ZICO,0.874,0.787,-2.416,0.129,0.118,0.0,0.896,108.007
462,2bAAj29XGc4h1G4oEGYCmg,MORE & MORE,64,199653,TWICE,0.739,0.841,-4.162,0.06,0.0312,0.0,0.562,106.99
463,314ZkcV7oLWG8yWE7LABvH,Make It Right (feat. Lauv),75,226321,"BTS, Lauv",0.584,0.685,-7.811,0.425,0.0304,0.0,0.345,97.551
464,39EXZNMxb4RBHlRjnRaOKp,Sweet Night,79,214258,V,0.462,0.339,-7.943,0.025,0.495,8.15e-06,0.149,92.106
465,44WLOqH7QayQOQdeUHeKUK,We are Bulletproof : the Eternal,76,261542,BTS,0.526,0.575,-5.215,0.0309,0.225,0.0,0.19,84.047
466,3p6hnejEQYXkiTO1lAzVc0,Euphoria,79,228615,BTS,0.637,0.799,-4.519,0.0338,0.394,0.0,0.562,104.995
467,24nK8tW7Pt3Inh2utttuoG,HIP,75,195306,MAMAMOO,0.782,0.731,-4.581,0.143,0.0376,3.15e-05,0.824,138.032
468,5SE57ljOIUJ1ybL9U6CuBH,DNA,71,223122,BTS,0.598,0.775,-4.035,0.0545,0.022,0.0,0.687,129.819
469,3IB5qOeMayvpOdHxYCL5tZ,ON (Feat. Sia),67,246816,"BTS, Sia",0.591,0.848,-4.397,0.0828,0.137,0.0,0.386,105.922
470,2kqnQCChvRpDRAasIwc4Rh,Maria,58,199026,Hwa Sa,0.667,0.745,-2.96,0.0621,0.238,2.06e-06,0.482,128.972
471,7w05lsU2VLSeiT8Nukrv5M,Friends,75,199338,BTS,0.55,0.747,-5.211,0.0407,0.0668,0.0,0.648,79.98
472,1Zyd6zQnC6XIIzmg3hP7Ot,As If It's Your Last,77,213264,BLACKPINK,0.786,0.853,-2.687,0.0816,0.0688,0.0,0.45,125.034
473,4AlihYDqxXshKhvh5tnMfP,00:00 (Zero O’Clock),75,250295,BTS,0.566,0.548,-6.456,0.0579,0.0802,0.0,0.196,157.999
474,2wVDWtLKXunswWecARNILj,SOLO,73,169566,JENNIE,0.751,0.642,-5.165,0.087,0.0861,0.0,0.388,95.045
475,1aKuG1GG76xPLUkjBbQo3W,UGH!,74,225012,BTS,0.72,0.824,-5.086,0.128,0.0394,0.0,0.333,165.998
477,3op7HNwLli54MBjFGzIlZO,Louder than bombs,73,217404,BTS,0.643,0.667,-6.993,0.152,0.0433,0.0,0.485,145.999
478,3CyCjgTHFzqucmECajq8QA,DUN DUN,73,192280,EVERGLOW,0.692,0.881,-2.563,0.0461,0.0457,4.26e-06,0.433,103.055
479,1qAPA8TooLVEqAZ58fhcrt,BOOMBAYAH - KR Ver.,56,241466,BLACKPINK,0.657,0.85,-3.157,0.0694,0.00264,0.0,0.375,124.882
480,1XnpzbOGptRwfJhZgLbmSr,Pretty Savage,82,199120,BLACKPINK,0.695,0.583,-6.575,0.0423,0.00657,8.75e-05,0.382,152.001
481,6KUE0HSSudAp9AOycaF6SH,Make It Right,73,226321,BTS,0.638,0.703,-7.874,0.444,0.0104,0.0,0.261,105.766
482,1ZLrDPgR7mvuTco3rQK8Pk,Way Back Home (feat. Conor Maynard) - Sam Feldt Edit,76,192452,"SHAUN, Conor Maynard, Sam Feldt",0.737,0.747,-4.818,0.0323,0.269,0.0,0.447,105.943
483,7iAgNZdotu40NwtoIWJHFe,Bet You Wanna (feat. Cardi B),79,159173,"BLACKPINK, Cardi B",0.665,0.674,-5.188,0.161,0.00386,0.0,0.702,111.516
484,4BKOjYosPhw334moS3wlbO,Inner Child,75,233265,BTS,0.589,0.696,-7.981,0.0725,0.017,0.0,0.332,134.953
485,6jq9F7GSXFtqKwb1dW2Mxn,Blood Sweat & Tears,55,217026,BTS,0.579,0.89,-3.553,0.111,0.0253,0.0,0.588,93.03
486,2AIWoHr9DF6y4KALCBKWQS,IDOL,76,222732,BTS,0.734,0.855,-3.211,0.118,0.00481,0.0,0.422,126.035
487,1xfXXujIlLZAx5wpu46Nyk,Moon,75,208589,BTS,0.703,0.646,-6.658,0.0596,0.0104,0.0,0.64,141.87
488,5sbooPcNgIE22DwO0VNGUJ,POP/STARS,78,191100,"K/DA, Madison Beer, (G)I-DLE, Jaira Burns, League of Legends",0.566,0.769,-4.342,0.0872,0.0183,0.0,0.385,170.036
489,5xFoqABWVj4FIAf7vQX8FN,Spring Day,58,274093,BTS,0.539,0.846,-3.188,0.0358,0.00672,1.46e-06,0.461,106.988
490,249gnXrbfmV8NG6jTEMSwD,Life Goes On,95,207481,BTS,0.566,0.716,-5.733,0.0424,0.00691,0.0,0.45,81.068
491,4Ws314Ylb27BVsvlZOy30C,Lovesick Girls,84,192760,BLACKPINK,0.658,0.733,-4.756,0.0586,0.00668,0.0,0.464,127.977
492,37ZtpRBkHcaq6hHy0X98zn,I CAN'T STOP ME,86,205493,TWICE,0.657,0.88,-3.672,0.102,0.121,0.0,0.769,150.084
493,0RzT9tBLcQhofW2TNiHP9B,God’s Menu,77,167922,Stray Kids,0.689,0.771,-3.618,0.0548,0.00776,0.0,0.482,157.052
494,3CYH422oy1cZNoo0GTG1TK,Psycho,80,210560,Red Velvet,0.664,0.666,-2.203,0.0446,0.193,0.0,0.405,139.987
495,7fK0csBoqbcgUuWGV0cpoD,Obsession,70,203520,EXO,0.704,0.729,-3.851,0.0624,0.0024,0.0,0.71,129.992
496,2iW0q5jJJT5HKlIs25AAgv,HOME;RUN,73,184426,SEVENTEEN,0.687,0.942,-2.817,0.0741,0.0613,0.0,0.765,96.106
497,0pYacDCZuRhcrwGUA5nTBe,eight(Prod.&Feat. SUGA of BTS),79,167573,"IU, SUGA",0.676,0.869,-1.573,0.0423,0.115,0.0,0.594,120.029
498,1ayaOin9hxCtyhg4UsBTpg,Kick It,68,233013,NCT 127,0.681,0.847,-2.462,0.0869,0.0306,0.0,0.507,167.031
499,2fJ70dRX7J4jiVxKUQQp7C,DUMDi DUMDi,70,210640,(G)I-DLE,0.759,0.914,-1.072,0.0592,0.025,4.45e-06,0.674,123.047
500,4ecVWqbtW6phQGpZMAyqIU,Not Shy,78,177728,ITZY,0.776,0.911,-3.08,0.131,0.155,2.59e-06,0.56,101.027
501,4BZXVFYCb76Q0Klojq4piV,AYA,76,211280,MAMAMOO,0.634,0.858,-2.226,0.0809,0.101,8.56e-06,0.637,91.688
502,4s0dJmVknlUl7V6oK3puzZ,Zombie,66,209259,DAY6,0.79,0.542,-4.119,0.0438,0.0117,0.0,0.527,121.982
503,2dPETee06bbHulsABk0h7I,FEVER,58,204040,ATEEZ,0.646,0.86,-2.409,0.0912,0.135,0.0,0.711,92.962
504,3ObPkJQAgjAhTwYvDhPrAW,Blue Hour,79,209105,TOMORROW X TOGETHER,0.71,0.82,-4.362,0.0836,0.00962,0.0,0.746,112.005
505,4hxNs73449mNhfLIvAC9zz,Love Killa,72,182533,Monsta X,0.451,0.867,-3.316,0.459,0.0785,0.0,0.511,89.108
506,2tVkFxyePqB0o4Y4SYKV0Q,Breath,74,187251,GOT7,0.724,0.846,-3.785,0.0538,0.109,0.0,0.64,129.959
508,0EMD15EVNwDlgGH2CH6ZEL,Ridin',67,201773,NCT DREAM,0.549,0.903,-1.483,0.045,0.178,0.0,0.513,150.009
509,459mRPsscVLMvVL59gr7EM,Happy,57,221000,TAEYEON,0.753,0.645,-2.913,0.0427,0.215,0.0,0.636,119.982
510,7uzib3dSSwgUwcD3z0k3bR,FXXK IT,64,231810,BIGBANG,0.72,0.746,-3.143,0.107,0.152,0.0,0.587,90.026
511,60M8FSYZP8MA0Wy2huOADL,LA DI DA,77,210893,EVERGLOW,0.477,0.85,-1.486,0.0911,0.00108,0.0,0.601,163.845
512,3FARQP8fA49bSsTWjNyWmY,Secret Story of the Swan,67,192333,IZ*ONE,0.703,0.941,-0.995,0.0808,0.131,0.0,0.758,102.969
513,1WCOna34eEMPgjfOOZkGQc,Bad Boy,67,182586,"CHUNG HA, Christopher",0.822,0.574,-4.02,0.0461,0.351,0.0,0.743,116.987
514,1QRgdZiZAj2EfRMLBVu9af,Dive,59,190967,iKON,0.757,0.743,-5.649,0.0341,0.0164,0.0,0.634,124.054
515,6ZlvEI2HQC6R5TahN9Ffm4,MORE,72,217088,"K/DA, Madison Beer, (G)I-DLE, Lexie Liu, Jaira Burns, Seraphine, League of Legends",0.66,0.787,-4.592,0.032,0.00257,0.0,0.199,142.018
516,0ZeGfEAL5Rl4pd5LZBGuEK,Maria,79,199026,Hwa Sa,0.658,0.749,-2.967,0.0634,0.238,2.03e-06,0.442,128.909
517,1iIhGHzzrzqQfuNkFI2qAn,Any song,73,227226,ZICO,0.874,0.787,-2.416,0.129,0.118,0.0,0.896,108.007
518,6kKC35sKUh2FUx4M0qAL44,Candy,71,227173,BAEKHYUN,0.649,0.767,-3.838,0.0455,0.24,0.0,0.608,149.918
519,6yGQ86UppYULzTCxAWgwVN,Why Not?,68,205520,LOONA,0.806,0.934,-0.836,0.11,0.104,0.00108,0.444,128.016
520,73ipE4lfZ53pvBbJPXkiEK,seoul (prod. HONNE),71,275954,RM,0.587,0.664,-8.63,0.0645,0.344,2.47e-05,0.453,99.8
521,0XfYoIa5jOH2dF0ro7VbZv,Red Lipstick,52,193866,BOL4,0.795,0.828,-2.351,0.0492,0.15,0.0,0.952,119.997
523,6wyr4ReB05D9sJB1Rsmcqo,Chicken Noodle Soup (feat. Becky G),73,235497,"j-hope, Becky G",0.826,0.817,-4.081,0.0921,0.00502,1.09e-05,0.168,97.053
524,23y3tFEhkTzBT46gRU6tjv,Let Me Go (with TAEYEON),60,211346,"Crush, TAEYEON",0.615,0.322,-8.405,0.0311,0.771,0.0,0.318,83.903
525,46WaBBaEHzgbN88Ew0nh50,MAGO,78,199133,GFRIEND,0.621,0.821,-3.662,0.0364,0.00548,0.000578,0.646,120.062
526,5FqgslYHEkv51KtapyWsBZ,The Melody,65,191213,SUPER JUNIOR,0.779,0.651,-4.482,0.0358,0.27,0.0,0.54,110.057
527,7oQh96s9YemWG3A4zkIbrU,pporappippam 보라빛 밤,68,206616,SUNMI,0.714,0.828,-4.68,0.0428,0.0513,0.0652,0.318,120.014
528,79rZwU6UJ7FwODmAqXJqmO,One (Monster & Infinity),63,221040,SuperM,0.518,0.917,-1.645,0.166,0.0306,0.0,0.461,160.044
529,1cnGF3udnO8fscbBYY6k1X,Paradise,61,206840,Eric Nam,0.8,0.795,-2.772,0.159,0.00872,0.000255,0.539,114.911
530,2hlLKf7meSIz1q7N303Gz8,No More,51,195853,DREAMCATCHER,0.465,0.956,-4.098,0.111,0.000106,3.17e-05,0.322,95.03
531,39EXZNMxb4RBHlRjnRaOKp,Sweet Night,79,214258,V,0.462,0.339,-7.943,0.025,0.495,8.15e-06,0.149,92.106
532,7rM4FWiY8PqU2TxdXX6BXh,My Bad (feat. Julie Bergan) - KSHMR Edit,49,212352,"SHAUN, Advanced, Julie Bergan, KSHMR",0.474,0.866,-4.132,0.0485,0.00787,4.86e-06,0.493,101.776
533,4h1V7NLdMV1JpuaJbJAA9t,Bad Alive - English Version,62,229266,WayV,0.667,0.84,-3.363,0.0303,0.0017,0.000175,0.575,142.014
534,7Eci2cF5f9UgXct3YBuKVU,I Miss U,35,194976,Punch,0.582,0.573,-6.047,0.0295,0.63,0.0,0.482,78.024
535,5MFROL7TXwkFAeDs6rphWX,Lyricist,52,196120,HEIZE,0.566,0.628,-5.493,0.0574,0.721,1.14e-05,0.5,139.569
536,1Bjy9ZtwMle3uhVgoBgiGN,Holiday,53,199563,Girls' Generation,0.709,0.867,-3.258,0.0672,0.0406,0.0,0.877,120.022
537,1IYN3VqZzehgwh5NqnavIQ,IDEA (理想),71,193546,TAEMIN,0.48,0.813,-5.437,0.0575,0.00456,0.0,0.7,120.888
538,4qMt92hgQlJMyJjdI0Nw2h,GUNSHOT,70,181480,KARD,0.582,0.77,-3.52,0.0406,0.00253,0.0,0.348,135.008
539,6mI6dpwRDteVr3ZQsDeD6e,Countless,49,188678,SHINee,0.679,0.829,-5.166,0.072,0.0251,0.0,0.604,97.043
540,4saklk6nie3yiGePpBwUoc,Dynamite,89,199053,BTS,0.746,0.765,-4.41,0.0993,0.0112,0.0,0.737,114.044
541,4Ws314Ylb27BVsvlZOy30C,Lovesick Girls,84,192760,BLACKPINK,0.658,0.733,-4.756,0.0586,0.00668,0.0,0.464,127.977
542,37ZtpRBkHcaq6hHy0X98zn,I CAN'T STOP ME,86,205493,TWICE,0.657,0.88,-3.672,0.102,0.121,0.0,0.769,150.084
543,0RzT9tBLcQhofW2TNiHP9B,God’s Menu,77,167922,Stray Kids,0.689,0.771,-3.618,0.0548,0.00776,0.0,0.482,157.052
544,3CYH422oy1cZNoo0GTG1TK,Psycho,80,210560,Red Velvet,0.664,0.666,-2.203,0.0446,0.193,0.0,0.405,139.987
545,7fK0csBoqbcgUuWGV0cpoD,Obsession,70,203520,EXO,0.704,0.729,-3.851,0.0624,0.0024,0.0,0.71,129.992
546,2iW0q5jJJT5HKlIs25AAgv,HOME;RUN,73,184426,SEVENTEEN,0.687,0.942,-2.817,0.0741,0.0613,0.0,0.765,96.106
547,1ayaOin9hxCtyhg4UsBTpg,Kick It,68,233013,NCT 127,0.681,0.847,-2.462,0.0869,0.0306,0.0,0.507,167.031
548,2fJ70dRX7J4jiVxKUQQp7C,DUMDi DUMDi,70,210640,(G)I-DLE,0.759,0.914,-1.072,0.0592,0.025,4.45e-06,0.674,123.047
549,4ecVWqbtW6phQGpZMAyqIU,Not Shy,78,177728,ITZY,0.776,0.911,-3.08,0.131,0.155,2.59e-06,0.56,101.027
550,4BZXVFYCb76Q0Klojq4piV,AYA,76,211280,MAMAMOO,0.634,0.858,-2.226,0.0809,0.101,8.56e-06,0.637,91.688
551,4s0dJmVknlUl7V6oK3puzZ,Zombie,66,209259,DAY6,0.79,0.542,-4.119,0.0438,0.0117,0.0,0.527,121.982
552,2dPETee06bbHulsABk0h7I,FEVER,58,204040,ATEEZ,0.646,0.86,-2.409,0.0912,0.135,0.0,0.711,92.962
553,3ObPkJQAgjAhTwYvDhPrAW,Blue Hour,79,209105,TOMORROW X TOGETHER,0.71,0.82,-4.362,0.0836,0.00962,0.0,0.746,112.005
554,4hxNs73449mNhfLIvAC9zz,Love Killa,72,182533,Monsta X,0.451,0.867,-3.316,0.459,0.0785,0.0,0.511,89.108
555,2tVkFxyePqB0o4Y4SYKV0Q,Breath,74,187251,GOT7,0.724,0.846,-3.785,0.0538,0.109,0.0,0.64,129.959
556,0EMD15EVNwDlgGH2CH6ZEL,Ridin',67,201773,NCT DREAM,0.549,0.903,-1.483,0.045,0.178,0.0,0.513,150.009
557,7uzib3dSSwgUwcD3z0k3bR,FXXK IT,64,231810,BIGBANG,0.72,0.746,-3.143,0.107,0.152,0.0,0.587,90.026
558,60M8FSYZP8MA0Wy2huOADL,LA DI DA,77,210893,EVERGLOW,0.477,0.85,-1.486,0.0911,0.00108,0.0,0.601,163.845
559,3FARQP8fA49bSsTWjNyWmY,Secret Story of the Swan,67,192333,IZ*ONE,0.703,0.941,-0.995,0.0808,0.131,0.0,0.758,102.969
560,0pYacDCZuRhcrwGUA5nTBe,eight(Prod.&Feat. SUGA of BTS),79,167573,"IU, SUGA",0.676,0.869,-1.573,0.0423,0.115,0.0,0.594,120.029
561,459mRPsscVLMvVL59gr7EM,Happy,57,221000,TAEYEON,0.753,0.645,-2.913,0.0427,0.215,0.0,0.636,119.982
562,3As0OA5B06BxLfADvYyG8L,Stay Tonight,65,217238,CHUNG HA,0.636,0.841,-1.927,0.0548,0.199,0.000395,0.506,121.022
563,0ZeGfEAL5Rl4pd5LZBGuEK,Maria,79,199026,Hwa Sa,0.658,0.749,-2.967,0.0634,0.238,2.03e-06,0.442,128.909
564,1EZuQ5eAlxfdxRNrs8lox2,Dancing Cartoon,57,195080,BOL4,0.824,0.789,-2.585,0.0365,0.0112,0.000219,0.799,110.976
565,7oQh96s9YemWG3A4zkIbrU,pporappippam 보라빛 밤,68,206616,SUNMI,0.714,0.828,-4.68,0.0428,0.0513,0.0652,0.318,120.014
566,7Eci2cF5f9UgXct3YBuKVU,I Miss U,35,194976,Punch,0.582,0.573,-6.047,0.0295,0.63,0.0,0.482,78.024
567,5MFROL7TXwkFAeDs6rphWX,Lyricist,52,196120,HEIZE,0.566,0.628,-5.493,0.0574,0.721,1.14e-05,0.5,139.569
568,7Acvy2L38SCipAeMPOK8Ro,HOLO,69,178520,LeeHi,0.406,0.474,-6.349,0.0295,0.768,0.0,0.206,179.914
569,4CoxD8tetisleUQDA7vn1B,What You Waiting For,69,175327,SOMI,0.765,0.688,-5.072,0.0731,0.0164,0.0,0.794,121.901
570,2wVDWtLKXunswWecARNILj,SOLO,73,169566,JENNIE,0.751,0.642,-5.165,0.087,0.0861,0.0,0.388,95.045
571,613Ixm4sbcHRZGKmGtLX9v,When We Were In Love,49,254893,AILEE,0.348,0.446,-4.1,0.0308,0.458,0.0,0.22,122.233
572,5CDq3Ekm0E0c23S0mbEELV,Here I Am Again,65,234840,Yerin Baek,0.451,0.465,-4.493,0.0286,0.831,0.0,0.204,131.644
573,4Eefey3uN90Abhbr47zKmC,WINTER FLOWER(Feat.RM),68,221133,"Younha, RM",0.564,0.796,-3.698,0.0737,0.118,0.0,0.241,95.946
574,2pRmhfwgixiYF91SywOUFh,Lost,46,196800,Yoon Mirae,0.326,0.542,-4.026,0.0333,0.302,2.86e-06,0.223,111.702
575,3wljaQ1KBCAMnPxCPDEUsC,FLOWER SHOWER,58,188373,HyunA,0.901,0.548,-5.573,0.0976,0.0889,4.88e-05,0.569,99.996
576,4Bmk7JYOquhWmSMMW4WebM,NUNU NANA,73,195836,Jessi,0.743,0.689,-2.846,0.0289,0.0198,0.0,0.504,104.936
577,7sG8AYU0OsfzoruOaY86Xs,Spell,41,183506,Hyolyn,0.687,0.828,-3.773,0.0439,0.0142,0.000286,0.288,95.976
578,5BIu23pC3cxnY6yVzrwqWR,My Love,55,258560,Gummy,0.541,0.397,-6.11,0.0274,0.842,2.91e-06,0.209,93.087
579,5cIv45SvGnNrARU6rT2BCb,+HWA+,69,176349,CL,0.882,0.618,-5.132,0.0514,0.103,1.76e-05,0.306,111.055
581,1iIhGHzzrzqQfuNkFI2qAn,Any song,73,227226,ZICO,0.874,0.787,-2.416,0.129,0.118,0.0,0.896,108.007
582,6kKC35sKUh2FUx4M0qAL44,Candy,71,227173,BAEKHYUN,0.649,0.767,-3.838,0.0455,0.24,0.0,0.608,149.918
583,73ipE4lfZ53pvBbJPXkiEK,seoul (prod. HONNE),71,275954,RM,0.587,0.664,-8.63,0.0645,0.344,2.47e-05,0.453,99.8
585,6wyr4ReB05D9sJB1Rsmcqo,Chicken Noodle Soup (feat. Becky G),73,235497,"j-hope, Becky G",0.826,0.817,-4.081,0.0921,0.00502,1.09e-05,0.168,97.053
586,23y3tFEhkTzBT46gRU6tjv,Let Me Go (with TAEYEON),60,211346,"Crush, TAEYEON",0.615,0.322,-8.405,0.0311,0.771,0.0,0.318,83.903
587,1cnGF3udnO8fscbBYY6k1X,Paradise,61,206840,Eric Nam,0.8,0.795,-2.772,0.159,0.00872,0.000255,0.539,114.911
588,39EXZNMxb4RBHlRjnRaOKp,Sweet Night,79,214258,V,0.462,0.339,-7.943,0.025,0.495,8.15e-06,0.149,92.106
589,7rM4FWiY8PqU2TxdXX6BXh,My Bad (feat. Julie Bergan) - KSHMR Edit,49,212352,"SHAUN, Advanced, Julie Bergan, KSHMR",0.474,0.866,-4.132,0.0485,0.00787,4.86e-06,0.493,101.776
590,1IYN3VqZzehgwh5NqnavIQ,IDEA (理想),71,193546,TAEMIN,0.48,0.813,-5.437,0.0575,0.00456,0.0,0.7,120.888
591,20a5L61dRfYVk6XEJ4BVx2,Breath,52,188764,"DEAN, Rad Museum, Mokyo",0.315,0.323,-10.649,0.0566,0.622,0.000235,0.114,172.782
592,2B4Hz23pUeucJZEmgUIOtV,Hello,64,215893,CHEN,0.462,0.424,-5.055,0.0278,0.505,0.0,0.315,144.034
593,1Lp1fMo9DyDVIv83q94cdy,minimal warm (She is My Type♡ X CHANYEOL),57,193293,CHANYEOL,0.677,0.443,-6.856,0.21,0.593,0.0,0.528,74.816
594,22Zxg7K8lEL8lkfQQbykKQ,LEGACY,46,170533,DPR LIVE,0.85,0.574,-6.253,0.263,0.00735,0.000205,0.243,149.98
595,7JD3gqq0DA5l9xUmVCpJWu,New Face,58,190233,PSY,0.836,0.728,-3.449,0.0563,0.0079,2.94e-05,0.444,131.969
596,4kIpBfvK44bxqX7zo8K1oP,시작,70,202440,Gaho,0.591,0.818,-3.532,0.073,0.172,0.0,0.574,108.107
597,3IZvU45gZVLWtkRxYh6xad,Can't Sleep,56,251390,"Loco, HEIZE",0.718,0.551,-6.388,0.0466,0.599,0.0,0.278,78.021
598,35dEFabeYvGLrOMc9c1tES,"무제(無題) (Untitled, 2014)",62,222867,G-DRAGON,0.575,0.461,-5.153,0.0317,0.785,1.75e-05,0.266,79.971
599,6WdWUIfP8zAhkzdmknWjTd,What about (feat. PENOMECO),43,208690,"Sam Kim, PENOMECO",0.856,0.352,-7.117,0.0472,0.594,0.0,0.651,94.009
